surface-declaration	managed	model	surface.tsv
repository-readme	seed	model	README.md
factory-declaration	seed	model	factory.nix
repository-ignore	seed	model	.gitignore
agent-guide	none	model	AGENTS.md
dev-shell	none	model	devenv.nix
dev-flake	none	model	flake.nix
project-skill	managed	model	.agents/skills/*
project-command	managed	model	.opencode/commands/*
project-agent	managed	model	.opencode/agents/*
harness-config	managed	model	.opencode/opencode.jsonc
scan-script	managed	model	.opencode/scripts/*
factory-config	template	model	factory.config.yaml
artifact-template	managed	model	docs/wiki/documentation/artifact-driven/templates/*
artifact-index	seed	model	docs/artifact/README.md
artifact-change	seed	model	docs/artifact/*/changes/*/README.md
artifact-requirement	seed	model	docs/artifact/*/changes/*/requirements/*
artifact-specification	seed	model	docs/artifact/*/changes/*/specifications/*
artifact-decision	seed	model	docs/artifact/*/changes/*/decisions/*
artifact-task	seed	model	docs/artifact/*/changes/*/tasks/*
artifact-version	managed	model	docs/artifact/*/versions/*
artifact-feature	seed	model	docs/artifact/*/README.md
domain	seed	model	docs/domain/*
design	template	conditional	docs/artifact/*/changes/*/design/*
component-app	managed	conditional	apps/*
component-service	none	conditional	services/*
component-library	none	conditional	libs/*
component-deployment	none	conditional	deployment/*
component-e2e	none	conditional	e2e/*
project-tools	none	conditional	tools/*
